year,round,event_name,circuit,session,session_date,session_path,has_results,has_laps,has_weather,has_session_info,has_track_status,has_session_status,has_race_control,total_drivers,total_laps,event_format,has_qualifying_data,has_null_positions,has_null_grid,is_complete,completeness_score,race_id,days_since_start,season_progress
2022,1,bahrain_grand_prix,Sakhir,Practice 1,2022-03-18 12:00:00,2022/bahrain_grand_prix/Practice 1/,True,True,True,True,True,True,True,20,,conventional,False,True,True,True,100.0,2022_R01,0,0.0
2022,1,bahrain_grand_prix,Sakhir,Practice 2,2022-03-18 15:00:00,2022/bahrain_grand_prix/Practice 2/,True,True,True,True,True,True,True,20,,conventional,False,True,True,True,100.0,2022_R01,0,0.0
2022,1,bahrain_grand_prix,Sakhir,Practice 3,2022-03-19 12:00:00,2022/bahrain_grand_prix/Practice 3/,True,True,True,True,True,True,True,20,,conventional,False,True,True,True,100.0,2022_R01,1,0.0
2022,1,bahrain_grand_prix,Sakhir,Qualifying,2022-03-19 15:00:00,2022/bahrain_grand_prix/Qualifying/,True,True,True,True,True,True,True,20,,conventional,False,False,True,True,100.0,2022_R01,1,0.0
2022,1,bahrain_grand_prix,Sakhir,Race,2022-03-20 15:00:00,2022/bahrain_grand_prix/Race/,True,True,True,True,True,True,True,20,57.0,conventional,False,False,False,True,100.0,2022_R01,2,0.0
2022,2,saudi_arabian_grand_prix,Jeddah,Practice 1,2022-03-25 14:00:00,2022/saudi_arabian_grand_prix/Practice 1/,True,True,True,True,True,True,True,20,,conventional,False,True,True,True,100.0,2022_R02,7,0.047619047619047616
2022,2,saudi_arabian_grand_prix,Jeddah,Practice 2,2022-03-25 17:00:00,2022/saudi_arabian_grand_prix/Practice 2/,True,True,True,True,True,True,True,20,,conventional,False,True,True,True,100.0,2022_R02,7,0.047619047619047616
2022,2,saudi_arabian_grand_prix,Jeddah,Practice 3,2022-03-26 14:00:00,2022/saudi_arabian_grand_prix/Practice 3/,True,True,True,True,True,True,True,20,,conventional,False,True,True,True,100.0,2022_R02,8,0.047619047619047616
2022,2,saudi_arabian_grand_prix,Jeddah,Qualifying,2022-03-26 17:00:00,2022/saudi_arabian_grand_prix/Qualifying/,True,True,True,True,True,True,True,20,,conventional,False,False,True,True,100.0,2022_R02,8,0.047619047619047616
2022,2,saudi_arabian_grand_prix,Jeddah,Race,2022-03-27 17:00:00,2022/saudi_arabian_grand_prix/Race/,True,True,True,True,True,True,True,20,50.0,conventional,False,True,True,True,100.0,2022_R02,9,0.047619047619047616
2022,3,australian_grand_prix,Melbourne,Practice 1,2022-04-08 03:00:00,2022/australian_grand_prix/Practice 1/,True,True,True,True,True,True,True,20,,conventional,False,True,True,True,100.0,2022_R03,20,0.09523809523809523
2022,3,australian_grand_prix,Melbourne,Practice 2,2022-04-08 06:00:00,2022/australian_grand_prix/Practice 2/,True,True,True,True,True,True,True,20,,conventional,False,True,True,True,100.0,2022_R03,20,0.09523809523809523
2022,3,australian_grand_prix,Melbourne,Practice 3,2022-04-09 03:00:00,2022/australian_grand_prix/Practice 3/,True,True,True,True,True,True,True,20,,conventional,False,True,True,True,100.0,2022_R03,21,0.09523809523809523
2022,3,australian_grand_prix,Melbourne,Qualifying,2022-04-09 06:00:00,2022/australian_grand_prix/Qualifying/,True,True,True,True,True,True,True,20,,conventional,False,False,True,True,100.0,2022_R03,21,0.09523809523809523
2022,3,australian_grand_prix,Melbourne,Race,2022-04-10 05:00:00,2022/australian_grand_prix/Race/,True,True,True,True,True,True,True,20,58.0,conventional,False,False,False,True,100.0,2022_R03,22,0.09523809523809523
2022,4,emilia_romagna_grand_prix,Imola,Practice 1,2022-04-22 11:30:00,2022/emilia_romagna_grand_prix/Practice 1/,True,True,True,True,True,True,True,20,,sprint,False,True,True,True,100.0,2022_R04,34,0.14285714285714285
2022,4,emilia_romagna_grand_prix,Imola,Practice 2,2022-04-23 10:30:00,2022/emilia_romagna_grand_prix/Practice 2/,True,True,True,True,True,True,True,20,,sprint,False,True,True,True,100.0,2022_R04,35,0.14285714285714285
2022,4,emilia_romagna_grand_prix,Imola,Qualifying,2022-04-22 15:00:00,2022/emilia_romagna_grand_prix/Qualifying/,True,True,True,True,True,True,True,20,,sprint,False,False,True,True,100.0,2022_R04,35,0.14285714285714285
2022,4,emilia_romagna_grand_prix,Imola,Race,2022-04-24 13:00:00,2022/emilia_romagna_grand_prix/Race/,True,True,True,True,True,True,True,20,63.0,sprint,False,False,False,True,100.0,2022_R04,37,0.14285714285714285
2022,4,emilia_romagna_grand_prix,Imola,Sprint,2022-04-23 14:30:00,2022/emilia_romagna_grand_prix/Sprint/,True,True,True,True,True,True,True,20,21.0,sprint,False,False,False,True,100.0,2022_R04,36,0.14285714285714285
2022,5,miami_grand_prix,Miami,Practice 1,2022-05-06 18:30:00,2022/miami_grand_prix/Practice 1/,True,True,True,True,True,True,True,20,,conventional,False,True,True,True,100.0,2022_R05,49,0.19047619047619047
2022,5,miami_grand_prix,Miami,Practice 2,2022-05-06 21:30:00,2022/miami_grand_prix/Practice 2/,True,True,True,True,True,True,True,20,,conventional,False,True,True,True,100.0,2022_R05,49,0.19047619047619047
2022,5,miami_grand_prix,Miami,Practice 3,2022-05-07 17:00:00,2022/miami_grand_prix/Practice 3/,True,True,True,True,True,True,True,20,,conventional,False,True,True,True,100.0,2022_R05,50,0.19047619047619047
2022,5,miami_grand_prix,Miami,Qualifying,2022-05-07 20:00:00,2022/miami_grand_prix/Qualifying/,True,True,True,True,True,True,True,20,,conventional,False,False,True,True,100.0,2022_R05,50,0.19047619047619047
2022,5,miami_grand_prix,Miami,Race,2022-05-08 19:30:00,2022/miami_grand_prix/Race/,True,True,True,True,True,True,True,20,57.0,conventional,False,False,False,True,100.0,2022_R05,51,0.19047619047619047
2022,6,spanish_grand_prix,Barcelona,Practice 1,2022-05-20 12:00:00,2022/spanish_grand_prix/Practice 1/,True,True,True,True,True,True,True,20,,conventional,False,True,True,True,100.0,2022_R06,63,0.23809523809523808
2022,6,spanish_grand_prix,Barcelona,Practice 2,2022-05-20 15:00:00,2022/spanish_grand_prix/Practice 2/,True,True,True,True,True,True,True,20,,conventional,False,True,True,True,100.0,2022_R06,63,0.23809523809523808
2022,6,spanish_grand_prix,Barcelona,Practice 3,2022-05-21 11:00:00,2022/spanish_grand_prix/Practice 3/,True,True,True,True,True,True,True,20,,conventional,False,True,True,True,100.0,2022_R06,63,0.23809523809523808
2022,6,spanish_grand_prix,Barcelona,Qualifying,2022-05-21 14:00:00,2022/spanish_grand_prix/Qualifying/,True,True,True,True,True,True,True,20,,conventional,False,False,True,True,100.0,2022_R06,64,0.23809523809523808
2022,6,spanish_grand_prix,Barcelona,Race,2022-05-22 13:00:00,2022/spanish_grand_prix/Race/,True,True,True,True,True,True,True,20,66.0,conventional,False,False,False,True,100.0,2022_R06,65,0.23809523809523808
2022,7,monaco_grand_prix,Monaco,Practice 1,2022-05-27 12:00:00,2022/monaco_grand_prix/Practice 1/,True,True,True,True,True,True,True,20,,conventional,False,True,True,True,100.0,2022_R07,70,0.2857142857142857
2022,7,monaco_grand_prix,Monaco,Practice 2,2022-05-27 15:00:00,2022/monaco_grand_prix/Practice 2/,True,True,True,True,True,True,True,20,,conventional,False,True,True,True,100.0,2022_R07,70,0.2857142857142857
2022,7,monaco_grand_prix,Monaco,Practice 3,2022-05-28 11:00:00,2022/monaco_grand_prix/Practice 3/,True,True,True,True,True,True,True,20,,conventional,False,True,True,True,100.0,2022_R07,70,0.2857142857142857
2022,7,monaco_grand_prix,Monaco,Qualifying,2022-05-28 14:00:00,2022/monaco_grand_prix/Qualifying/,True,True,True,True,True,True,True,20,,conventional,False,False,True,True,100.0,2022_R07,71,0.2857142857142857
2022,7,monaco_grand_prix,Monaco,Race,2022-05-29 13:00:00,2022/monaco_grand_prix/Race/,True,True,True,True,True,True,True,20,77.0,conventional,False,False,False,True,100.0,2022_R07,72,0.2857142857142857
2022,8,azerbaijan_grand_prix,Baku,Practice 1,2022-06-10 11:00:00,2022/azerbaijan_grand_prix/Practice 1/,True,True,True,True,True,True,True,20,,conventional,False,True,True,True,100.0,2022_R08,83,0.3333333333333333
2022,8,azerbaijan_grand_prix,Baku,Practice 2,2022-06-10 14:00:00,2022/azerbaijan_grand_prix/Practice 2/,True,True,True,True,True,True,True,20,,conventional,False,True,True,True,100.0,2022_R08,84,0.3333333333333333
2022,8,azerbaijan_grand_prix,Baku,Practice 3,2022-06-11 11:00:00,2022/azerbaijan_grand_prix/Practice 3/,True,True,True,True,True,True,True,20,,conventional,False,True,True,True,100.0,2022_R08,84,0.3333333333333333
2022,8,azerbaijan_grand_prix,Baku,Qualifying,2022-06-11 14:00:00,2022/azerbaijan_grand_prix/Qualifying/,True,True,True,True,True,True,True,20,,conventional,False,False,True,True,100.0,2022_R08,85,0.3333333333333333
2022,8,azerbaijan_grand_prix,Baku,Race,2022-06-12 11:00:00,2022/azerbaijan_grand_prix/Race/,True,True,True,True,True,True,True,20,51.0,conventional,False,False,False,True,100.0,2022_R08,85,0.3333333333333333
2022,9,canadian_grand_prix,Montréal,Practice 1,2022-06-17 18:00:00,2022/canadian_grand_prix/Practice 1/,True,True,True,True,True,True,True,20,,conventional,False,True,True,True,100.0,2022_R09,91,0.38095238095238093
2022,9,canadian_grand_prix,Montréal,Practice 2,2022-06-17 21:00:00,2022/canadian_grand_prix/Practice 2/,True,True,True,True,True,True,True,20,,conventional,False,True,True,True,100.0,2022_R09,91,0.38095238095238093
2022,9,canadian_grand_prix,Montréal,Practice 3,2022-06-18 17:00:00,2022/canadian_grand_prix/Practice 3/,True,True,True,True,True,True,True,20,,conventional,False,True,True,True,100.0,2022_R09,92,0.38095238095238093
2022,9,canadian_grand_prix,Montréal,Qualifying,2022-06-18 20:00:00,2022/canadian_grand_prix/Qualifying/,True,True,True,True,True,True,True,20,,conventional,False,False,True,True,100.0,2022_R09,92,0.38095238095238093
2022,9,canadian_grand_prix,Montréal,Race,2022-06-19 18:00:00,2022/canadian_grand_prix/Race/,True,True,True,True,True,True,True,20,70.0,conventional,False,False,False,True,100.0,2022_R09,93,0.38095238095238093
2022,10,british_grand_prix,Silverstone,Practice 1,2022-07-01 12:00:00,2022/british_grand_prix/Practice 1/,True,True,True,True,True,True,True,20,,conventional,False,True,True,True,100.0,2022_R10,105,0.42857142857142855
2022,10,british_grand_prix,Silverstone,Practice 2,2022-07-01 15:00:00,2022/british_grand_prix/Practice 2/,True,True,True,True,True,True,True,20,,conventional,False,True,True,True,100.0,2022_R10,105,0.42857142857142855
2022,10,british_grand_prix,Silverstone,Practice 3,2022-07-02 11:00:00,2022/british_grand_prix/Practice 3/,True,True,True,True,True,True,True,20,,conventional,False,True,True,True,100.0,2022_R10,105,0.42857142857142855
2022,10,british_grand_prix,Silverstone,Qualifying,2022-07-02 14:00:00,2022/british_grand_prix/Qualifying/,True,True,True,True,True,True,True,20,,conventional,False,False,True,True,100.0,2022_R10,106,0.42857142857142855
2022,10,british_grand_prix,Silverstone,Race,2022-07-03 14:00:00,2022/british_grand_prix/Race/,True,True,True,True,True,True,True,20,52.0,conventional,False,False,False,True,100.0,2022_R10,107,0.42857142857142855
2022,11,austrian_grand_prix,Spielberg,Practice 1,2022-07-08 11:30:00,2022/austrian_grand_prix/Practice 1/,True,True,True,True,True,True,True,20,,sprint,False,True,True,True,100.0,2022_R11,111,0.47619047619047616
2022,11,austrian_grand_prix,Spielberg,Practice 2,2022-07-09 10:30:00,2022/austrian_grand_prix/Practice 2/,True,True,True,True,True,True,True,20,,sprint,False,True,True,True,100.0,2022_R11,112,0.47619047619047616
2022,11,austrian_grand_prix,Spielberg,Qualifying,2022-07-08 15:00:00,2022/austrian_grand_prix/Qualifying/,True,True,True,True,True,True,True,20,,sprint,False,False,True,True,100.0,2022_R11,112,0.47619047619047616
2022,11,austrian_grand_prix,Spielberg,Race,2022-07-10 13:00:00,2022/austrian_grand_prix/Race/,True,True,True,True,True,True,True,20,71.0,sprint,False,False,False,True,100.0,2022_R11,114,0.47619047619047616
2022,11,austrian_grand_prix,Spielberg,Sprint,2022-07-09 14:30:00,2022/austrian_grand_prix/Sprint/,True,True,True,True,True,True,True,20,23.0,sprint,False,False,False,True,100.0,2022_R11,113,0.47619047619047616
2022,12,french_grand_prix,Le Castellet,Practice 1,2022-07-22 12:00:00,2022/french_grand_prix/Practice 1/,True,True,True,True,True,True,True,20,,conventional,False,True,True,True,100.0,2022_R12,126,0.5238095238095238
2022,12,french_grand_prix,Le Castellet,Practice 2,2022-07-22 15:00:00,2022/french_grand_prix/Practice 2/,True,True,True,True,True,True,True,20,,conventional,False,True,True,True,100.0,2022_R12,126,0.5238095238095238
2022,12,french_grand_prix,Le Castellet,Practice 3,2022-07-23 11:00:00,2022/french_grand_prix/Practice 3/,True,True,True,True,True,True,True,20,,conventional,False,True,True,True,100.0,2022_R12,126,0.5238095238095238
2022,12,french_grand_prix,Le Castellet,Qualifying,2022-07-23 14:00:00,2022/french_grand_prix/Qualifying/,True,True,True,True,True,True,True,20,,conventional,False,False,True,True,100.0,2022_R12,127,0.5238095238095238
2022,12,french_grand_prix,Le Castellet,Race,2022-07-24 13:00:00,2022/french_grand_prix/Race/,True,True,True,True,True,True,True,20,53.0,conventional,False,False,False,True,100.0,2022_R12,128,0.5238095238095238
2022,13,hungarian_grand_prix,Budapest,Practice 1,2022-07-29 12:00:00,2022/hungarian_grand_prix/Practice 1/,True,True,True,True,True,True,True,20,,conventional,False,True,True,True,100.0,2022_R13,133,0.5714285714285714
2022,13,hungarian_grand_prix,Budapest,Practice 2,2022-07-29 15:00:00,2022/hungarian_grand_prix/Practice 2/,True,True,True,True,True,True,True,20,,conventional,False,True,True,True,100.0,2022_R13,133,0.5714285714285714
2022,13,hungarian_grand_prix,Budapest,Practice 3,2022-07-30 11:00:00,2022/hungarian_grand_prix/Practice 3/,True,True,True,True,True,True,True,20,,conventional,False,True,True,True,100.0,2022_R13,133,0.5714285714285714
2022,13,hungarian_grand_prix,Budapest,Qualifying,2022-07-30 14:00:00,2022/hungarian_grand_prix/Qualifying/,True,True,True,True,True,True,True,20,,conventional,False,False,True,True,100.0,2022_R13,134,0.5714285714285714
2022,13,hungarian_grand_prix,Budapest,Race,2022-07-31 13:00:00,2022/hungarian_grand_prix/Race/,True,True,True,True,True,True,True,20,70.0,conventional,False,False,False,True,100.0,2022_R13,135,0.5714285714285714
2022,14,belgian_grand_prix,Spa-Francorchamps,Practice 1,2022-08-26 12:00:00,2022/belgian_grand_prix/Practice 1/,True,True,True,True,True,True,True,20,,conventional,False,True,True,True,100.0,2022_R14,161,0.6190476190476191
2022,14,belgian_grand_prix,Spa-Francorchamps,Practice 2,2022-08-26 15:00:00,2022/belgian_grand_prix/Practice 2/,True,True,True,True,True,True,True,20,,conventional,False,True,True,True,100.0,2022_R14,161,0.6190476190476191
2022,14,belgian_grand_prix,Spa-Francorchamps,Practice 3,2022-08-27 11:00:00,2022/belgian_grand_prix/Practice 3/,True,True,True,True,True,True,True,20,,conventional,False,True,True,True,100.0,2022_R14,161,0.6190476190476191
2022,14,belgian_grand_prix,Spa-Francorchamps,Qualifying,2022-08-27 14:00:00,2022/belgian_grand_prix/Qualifying/,True,True,True,True,True,True,True,20,,conventional,False,False,True,True,100.0,2022_R14,162,0.6190476190476191
2022,14,belgian_grand_prix,Spa-Francorchamps,Race,2022-08-28 13:00:00,2022/belgian_grand_prix/Race/,True,True,True,True,True,True,True,20,44.0,conventional,False,False,False,True,100.0,2022_R14,163,0.6190476190476191
2022,15,dutch_grand_prix,Zandvoort,Practice 1,2022-09-02 10:30:00,2022/dutch_grand_prix/Practice 1/,True,True,True,True,True,True,True,20,,conventional,False,True,True,True,100.0,2022_R15,167,0.6666666666666666
2022,15,dutch_grand_prix,Zandvoort,Practice 2,2022-09-02 14:00:00,2022/dutch_grand_prix/Practice 2/,True,True,True,True,True,True,True,20,,conventional,False,True,True,True,100.0,2022_R15,168,0.6666666666666666
2022,15,dutch_grand_prix,Zandvoort,Practice 3,2022-09-03 10:00:00,2022/dutch_grand_prix/Practice 3/,True,True,True,True,True,True,True,20,,conventional,False,True,True,True,100.0,2022_R15,168,0.6666666666666666
2022,15,dutch_grand_prix,Zandvoort,Qualifying,2022-09-03 13:00:00,2022/dutch_grand_prix/Qualifying/,True,True,True,True,True,True,True,20,,conventional,False,False,True,True,100.0,2022_R15,169,0.6666666666666666
2022,15,dutch_grand_prix,Zandvoort,Race,2022-09-04 13:00:00,2022/dutch_grand_prix/Race/,True,True,True,True,True,True,True,20,72.0,conventional,False,False,False,True,100.0,2022_R15,170,0.6666666666666666
2022,16,italian_grand_prix,Monza,Practice 1,2022-09-09 12:00:00,2022/italian_grand_prix/Practice 1/,True,True,True,True,True,True,True,20,,conventional,False,True,True,True,100.0,2022_R16,175,0.7142857142857143
2022,16,italian_grand_prix,Monza,Practice 2,2022-09-09 15:00:00,2022/italian_grand_prix/Practice 2/,True,True,True,True,True,True,True,20,,conventional,False,True,True,True,100.0,2022_R16,175,0.7142857142857143
2022,16,italian_grand_prix,Monza,Practice 3,2022-09-10 11:00:00,2022/italian_grand_prix/Practice 3/,True,True,True,True,True,True,True,20,,conventional,False,True,True,True,100.0,2022_R16,175,0.7142857142857143
2022,16,italian_grand_prix,Monza,Qualifying,2022-09-10 14:00:00,2022/italian_grand_prix/Qualifying/,True,True,True,True,True,True,True,20,,conventional,False,False,True,True,100.0,2022_R16,176,0.7142857142857143
2022,16,italian_grand_prix,Monza,Race,2022-09-11 13:00:00,2022/italian_grand_prix/Race/,True,True,True,True,True,True,True,20,53.0,conventional,False,False,False,True,100.0,2022_R16,177,0.7142857142857143
2022,17,singapore_grand_prix,Marina Bay,Practice 1,2022-09-30 10:00:00,2022/singapore_grand_prix/Practice 1/,True,True,True,True,True,True,True,20,,conventional,False,True,True,True,100.0,2022_R17,195,0.7619047619047619
2022,17,singapore_grand_prix,Marina Bay,Practice 2,2022-09-30 13:00:00,2022/singapore_grand_prix/Practice 2/,True,True,True,True,True,True,True,20,,conventional,False,True,True,True,100.0,2022_R17,196,0.7619047619047619
2022,17,singapore_grand_prix,Marina Bay,Practice 3,2022-10-01 10:00:00,2022/singapore_grand_prix/Practice 3/,True,True,True,True,True,True,True,20,,conventional,False,True,True,True,100.0,2022_R17,196,0.7619047619047619
2022,17,singapore_grand_prix,Marina Bay,Qualifying,2022-10-01 13:00:00,2022/singapore_grand_prix/Qualifying/,True,True,True,True,True,True,True,20,,conventional,False,False,True,True,100.0,2022_R17,197,0.7619047619047619
2022,17,singapore_grand_prix,Marina Bay,Race,2022-10-02 12:00:00,2022/singapore_grand_prix/Race/,True,True,True,True,True,True,True,20,61.0,conventional,False,False,False,True,100.0,2022_R17,198,0.7619047619047619
2022,18,japanese_grand_prix,Suzuka,Practice 1,2022-10-07 03:00:00,2022/japanese_grand_prix/Practice 1/,True,True,True,True,True,True,True,20,,conventional,False,True,True,True,100.0,2022_R18,202,0.8095238095238095
2022,18,japanese_grand_prix,Suzuka,Practice 2,2022-10-07 06:00:00,2022/japanese_grand_prix/Practice 2/,True,True,True,True,True,True,True,20,,conventional,False,True,True,True,100.0,2022_R18,202,0.8095238095238095
2022,18,japanese_grand_prix,Suzuka,Practice 3,2022-10-08 03:00:00,2022/japanese_grand_prix/Practice 3/,True,True,True,True,True,True,True,20,,conventional,False,True,True,True,100.0,2022_R18,203,0.8095238095238095
2022,18,japanese_grand_prix,Suzuka,Qualifying,2022-10-08 06:00:00,2022/japanese_grand_prix/Qualifying/,True,True,True,True,True,True,True,20,,conventional,False,False,True,True,100.0,2022_R18,203,0.8095238095238095
2022,18,japanese_grand_prix,Suzuka,Race,2022-10-09 05:00:00,2022/japanese_grand_prix/Race/,True,True,True,True,True,True,True,20,53.0,conventional,False,False,False,True,100.0,2022_R18,204,0.8095238095238095
2022,19,united_states_grand_prix,Austin,Practice 1,2022-10-21 19:00:00,2022/united_states_grand_prix/Practice 1/,True,True,True,True,True,True,True,20,,conventional,False,True,True,True,100.0,2022_R19,217,0.8571428571428571
2022,19,united_states_grand_prix,Austin,Practice 2,2022-10-21 22:00:00,2022/united_states_grand_prix/Practice 2/,True,True,True,True,True,True,True,20,,conventional,False,True,True,True,100.0,2022_R19,217,0.8571428571428571
2022,19,united_states_grand_prix,Austin,Practice 3,2022-10-22 19:00:00,2022/united_states_grand_prix/Practice 3/,True,True,True,True,True,True,True,20,,conventional,False,True,True,True,100.0,2022_R19,218,0.8571428571428571
2022,19,united_states_grand_prix,Austin,Qualifying,2022-10-22 22:00:00,2022/united_states_grand_prix/Qualifying/,True,True,True,True,True,True,True,20,,conventional,False,False,True,True,100.0,2022_R19,218,0.8571428571428571
2022,19,united_states_grand_prix,Austin,Race,2022-10-23 19:00:00,2022/united_states_grand_prix/Race/,True,True,True,True,True,True,True,20,56.0,conventional,False,False,False,True,100.0,2022_R19,219,0.8571428571428571
2022,20,mexico_city_grand_prix,Mexico City,Practice 1,2022-10-28 19:00:00,2022/mexico_city_grand_prix/Practice 1/,True,True,True,True,True,True,True,20,,conventional,False,True,True,True,100.0,2022_R20,224,0.9047619047619048
2022,20,mexico_city_grand_prix,Mexico City,Practice 2,2022-10-28 22:00:00,2022/mexico_city_grand_prix/Practice 2/,True,True,True,True,True,True,True,20,,conventional,False,True,True,True,100.0,2022_R20,224,0.9047619047619048
2022,20,mexico_city_grand_prix,Mexico City,Practice 3,2022-10-29 18:00:00,2022/mexico_city_grand_prix/Practice 3/,True,True,True,True,True,True,True,20,,conventional,False,True,True,True,100.0,2022_R20,225,0.9047619047619048
2022,20,mexico_city_grand_prix,Mexico City,Qualifying,2022-10-29 21:00:00,2022/mexico_city_grand_prix/Qualifying/,True,True,True,True,True,True,True,20,,conventional,False,False,True,True,100.0,2022_R20,225,0.9047619047619048
2022,20,mexico_city_grand_prix,Mexico City,Race,2022-10-30 20:00:00,2022/mexico_city_grand_prix/Race/,True,True,True,True,True,True,True,20,71.0,conventional,False,False,False,True,100.0,2022_R20,226,0.9047619047619048
2022,21,são_paulo_grand_prix,São Paulo,Practice 1,2022-11-11 15:30:00,2022/são_paulo_grand_prix/Practice 1/,True,True,True,True,True,True,True,20,,sprint,False,True,True,True,100.0,2022_R21,238,0.9523809523809523
2022,21,são_paulo_grand_prix,São Paulo,Practice 2,2022-11-12 15:30:00,2022/são_paulo_grand_prix/Practice 2/,True,True,True,True,True,True,True,20,,sprint,False,True,True,True,100.0,2022_R21,239,0.9523809523809523
2022,21,são_paulo_grand_prix,São Paulo,Qualifying,2022-11-11 19:00:00,2022/são_paulo_grand_prix/Qualifying/,True,True,True,True,True,True,True,20,,sprint,False,False,True,True,100.0,2022_R21,238,0.9523809523809523
2022,21,são_paulo_grand_prix,São Paulo,Race,2022-11-13 18:00:00,2022/são_paulo_grand_prix/Race/,True,True,True,True,True,True,True,20,71.0,sprint,False,False,False,True,100.0,2022_R21,240,0.9523809523809523
2022,21,são_paulo_grand_prix,São Paulo,Sprint,2022-11-12 19:30:00,2022/são_paulo_grand_prix/Sprint/,True,True,True,True,True,True,True,20,24.0,sprint,False,False,False,True,100.0,2022_R21,239,0.9523809523809523
2022,22,abu_dhabi_grand_prix,Yas Island,Practice 1,2022-11-18 10:00:00,2022/abu_dhabi_grand_prix/Practice 1/,True,True,True,True,True,True,True,20,,conventional,False,True,True,True,100.0,2022_R22,244,1.0
2022,22,abu_dhabi_grand_prix,Yas Island,Practice 2,2022-11-18 13:00:00,2022/abu_dhabi_grand_prix/Practice 2/,True,True,True,True,True,True,True,20,,conventional,False,True,True,True,100.0,2022_R22,245,1.0
2022,22,abu_dhabi_grand_prix,Yas Island,Practice 3,2022-11-19 10:30:00,2022/abu_dhabi_grand_prix/Practice 3/,True,True,True,True,True,True,True,20,,conventional,False,True,True,True,100.0,2022_R22,245,1.0
2022,22,abu_dhabi_grand_prix,Yas Island,Qualifying,2022-11-19 14:00:00,2022/abu_dhabi_grand_prix/Qualifying/,True,True,True,True,True,True,True,20,,conventional,False,False,True,True,100.0,2022_R22,246,1.0
2022,22,abu_dhabi_grand_prix,Yas Island,Race,2022-11-20 13:00:00,2022/abu_dhabi_grand_prix/Race/,True,True,True,True,True,True,True,20,58.0,conventional,False,False,False,True,100.0,2022_R22,247,1.0
2023,1,bahrain_grand_prix,Sakhir,Practice 1,2023-03-03 11:30:00,2023/bahrain_grand_prix/Practice 1/,True,True,True,True,True,True,True,20,,conventional,False,True,True,True,100.0,2023_R01,349,0.0
2023,1,bahrain_grand_prix,Sakhir,Practice 2,2023-03-03 15:00:00,2023/bahrain_grand_prix/Practice 2/,True,True,True,True,True,True,True,20,,conventional,False,True,True,True,100.0,2023_R01,350,0.0
2023,1,bahrain_grand_prix,Sakhir,Practice 3,2023-03-04 11:30:00,2023/bahrain_grand_prix/Practice 3/,True,True,True,True,True,True,True,20,,conventional,False,True,True,True,100.0,2023_R01,350,0.0
2023,1,bahrain_grand_prix,Sakhir,Qualifying,2023-03-04 15:00:00,2023/bahrain_grand_prix/Qualifying/,True,True,True,True,True,True,True,20,,conventional,False,False,True,True,100.0,2023_R01,351,0.0
2023,1,bahrain_grand_prix,Sakhir,Race,2023-03-05 15:00:00,2023/bahrain_grand_prix/Race/,True,True,True,True,True,True,True,20,57.0,conventional,False,False,False,True,100.0,2023_R01,352,0.0
2023,2,saudi_arabian_grand_prix,Jeddah,Practice 1,2023-03-17 13:30:00,2023/saudi_arabian_grand_prix/Practice 1/,True,True,True,True,True,True,True,20,,conventional,False,True,True,True,100.0,2023_R02,364,0.047619047619047616
2023,2,saudi_arabian_grand_prix,Jeddah,Practice 2,2023-03-17 17:00:00,2023/saudi_arabian_grand_prix/Practice 2/,True,True,True,True,True,True,True,20,,conventional,False,True,True,True,100.0,2023_R02,364,0.047619047619047616
2023,2,saudi_arabian_grand_prix,Jeddah,Practice 3,2023-03-18 13:30:00,2023/saudi_arabian_grand_prix/Practice 3/,True,True,True,True,True,True,True,20,,conventional,False,True,True,True,100.0,2023_R02,365,0.047619047619047616
2023,2,saudi_arabian_grand_prix,Jeddah,Qualifying,2023-03-18 17:00:00,2023/saudi_arabian_grand_prix/Qualifying/,True,True,True,True,True,True,True,20,,conventional,False,False,True,True,100.0,2023_R02,365,0.047619047619047616
2023,2,saudi_arabian_grand_prix,Jeddah,Race,2023-03-19 17:00:00,2023/saudi_arabian_grand_prix/Race/,True,True,True,True,True,True,True,20,50.0,conventional,False,False,False,True,100.0,2023_R02,366,0.047619047619047616
2023,3,australian_grand_prix,Melbourne,Practice 1,2023-03-31 02:30:00,2023/australian_grand_prix/Practice 1/,True,True,True,True,True,True,True,20,,conventional,False,True,True,True,100.0,2023_R03,377,0.09523809523809523
2023,3,australian_grand_prix,Melbourne,Practice 2,2023-03-31 06:00:00,2023/australian_grand_prix/Practice 2/,True,True,True,True,True,True,True,20,,conventional,False,True,True,True,100.0,2023_R03,377,0.09523809523809523
2023,3,australian_grand_prix,Melbourne,Practice 3,2023-04-01 02:30:00,2023/australian_grand_prix/Practice 3/,True,True,True,True,True,True,True,20,,conventional,False,True,True,True,100.0,2023_R03,378,0.09523809523809523
2023,3,australian_grand_prix,Melbourne,Qualifying,2023-04-01 06:00:00,2023/australian_grand_prix/Qualifying/,True,True,True,True,True,True,True,20,,conventional,False,False,True,True,100.0,2023_R03,378,0.09523809523809523
2023,3,australian_grand_prix,Melbourne,Race,2023-04-02 05:00:00,2023/australian_grand_prix/Race/,True,True,True,True,True,True,True,20,58.0,conventional,False,False,False,True,100.0,2023_R03,379,0.09523809523809523
2023,4,azerbaijan_grand_prix,Baku,Practice 1,2023-04-28 09:30:00,2023/azerbaijan_grand_prix/Practice 1/,True,True,True,True,True,True,True,20,,sprint_shootout,False,True,True,True,100.0,2023_R04,405,0.14285714285714285
2023,4,azerbaijan_grand_prix,Baku,Qualifying,2023-04-28 13:00:00,2023/azerbaijan_grand_prix/Qualifying/,True,True,True,True,True,True,True,20,,sprint_shootout,False,False,True,True,100.0,2023_R04,406,0.14285714285714285
2023,4,azerbaijan_grand_prix,Baku,Race,2023-04-30 11:00:00,2023/azerbaijan_grand_prix/Race/,True,True,True,True,True,True,True,20,51.0,sprint_shootout,False,False,False,True,100.0,2023_R04,407,0.14285714285714285
2023,4,azerbaijan_grand_prix,Baku,Sprint,2023-04-29 13:30:00,2023/azerbaijan_grand_prix/Sprint/,True,True,True,True,True,True,True,20,17.0,sprint_shootout,False,True,True,True,100.0,2023_R04,407,0.14285714285714285
2023,4,azerbaijan_grand_prix,Baku,Sprint Shootout,2023-04-29 08:30:00,2023/azerbaijan_grand_prix/Sprint Shootout/,True,True,True,True,True,True,True,20,,sprint_shootout,False,False,True,True,100.0,2023_R04,406,0.14285714285714285
2023,5,miami_grand_prix,Miami,Practice 1,2023-05-05 18:00:00,2023/miami_grand_prix/Practice 1/,True,True,True,True,True,True,True,20,,conventional,False,True,True,True,100.0,2023_R05,413,0.19047619047619047
2023,5,miami_grand_prix,Miami,Practice 2,2023-05-05 21:30:00,2023/miami_grand_prix/Practice 2/,True,True,True,True,True,True,True,20,,conventional,False,True,True,True,100.0,2023_R05,413,0.19047619047619047
2023,5,miami_grand_prix,Miami,Practice 3,2023-05-06 16:30:00,2023/miami_grand_prix/Practice 3/,True,True,True,True,True,True,True,20,,conventional,False,True,True,True,100.0,2023_R05,414,0.19047619047619047
2023,5,miami_grand_prix,Miami,Qualifying,2023-05-06 20:00:00,2023/miami_grand_prix/Qualifying/,True,True,True,True,True,True,True,20,,conventional,False,False,True,True,100.0,2023_R05,414,0.19047619047619047
2023,5,miami_grand_prix,Miami,Race,2023-05-07 19:30:00,2023/miami_grand_prix/Race/,True,True,True,True,True,True,True,20,57.0,conventional,False,False,False,True,100.0,2023_R05,415,0.19047619047619047
2023,6,monaco_grand_prix,Monaco,Practice 1,2023-05-26 11:30:00,2023/monaco_grand_prix/Practice 1/,True,True,True,True,True,True,True,20,,conventional,False,True,True,True,100.0,2023_R06,433,0.23809523809523808
2023,6,monaco_grand_prix,Monaco,Practice 2,2023-05-26 15:00:00,2023/monaco_grand_prix/Practice 2/,True,True,True,True,True,True,True,20,,conventional,False,True,True,True,100.0,2023_R06,434,0.23809523809523808
2023,6,monaco_grand_prix,Monaco,Practice 3,2023-05-27 10:30:00,2023/monaco_grand_prix/Practice 3/,True,True,True,True,True,True,True,20,,conventional,False,True,True,True,100.0,2023_R06,434,0.23809523809523808
2023,6,monaco_grand_prix,Monaco,Qualifying,2023-05-27 14:00:00,2023/monaco_grand_prix/Qualifying/,True,True,True,True,True,True,True,20,,conventional,False,False,True,True,100.0,2023_R06,435,0.23809523809523808
2023,6,monaco_grand_prix,Monaco,Race,2023-05-28 13:00:00,2023/monaco_grand_prix/Race/,True,True,True,True,True,True,True,20,78.0,conventional,False,False,False,True,100.0,2023_R06,436,0.23809523809523808
2023,7,spanish_grand_prix,Barcelona,Practice 1,2023-06-02 11:30:00,2023/spanish_grand_prix/Practice 1/,True,True,True,True,True,True,True,20,,conventional,False,True,True,True,100.0,2023_R07,440,0.2857142857142857
2023,7,spanish_grand_prix,Barcelona,Practice 2,2023-06-02 15:00:00,2023/spanish_grand_prix/Practice 2/,True,True,True,True,True,True,True,20,,conventional,False,True,True,True,100.0,2023_R07,441,0.2857142857142857
2023,7,spanish_grand_prix,Barcelona,Practice 3,2023-06-03 10:30:00,2023/spanish_grand_prix/Practice 3/,True,True,True,True,True,True,True,20,,conventional,False,True,True,True,100.0,2023_R07,441,0.2857142857142857
2023,7,spanish_grand_prix,Barcelona,Qualifying,2023-06-03 14:00:00,2023/spanish_grand_prix/Qualifying/,True,True,True,True,True,True,True,20,,conventional,False,False,True,True,100.0,2023_R07,442,0.2857142857142857
2023,7,spanish_grand_prix,Barcelona,Race,2023-06-04 13:00:00,2023/spanish_grand_prix/Race/,True,True,True,True,True,True,True,20,66.0,conventional,False,False,False,True,100.0,2023_R07,443,0.2857142857142857
2023,8,canadian_grand_prix,Montréal,Practice 1,2023-06-16 17:30:00,2023/canadian_grand_prix/Practice 1/,True,True,True,True,True,True,True,20,,conventional,False,True,True,True,100.0,2023_R08,455,0.3333333333333333
2023,8,canadian_grand_prix,Montréal,Practice 2,2023-06-16 20:30:00,2023/canadian_grand_prix/Practice 2/,True,True,True,True,True,True,True,20,,conventional,False,True,True,True,100.0,2023_R08,455,0.3333333333333333
2023,8,canadian_grand_prix,Montréal,Practice 3,2023-06-17 16:30:00,2023/canadian_grand_prix/Practice 3/,True,True,True,True,True,True,True,20,,conventional,False,True,True,True,100.0,2023_R08,456,0.3333333333333333
2023,8,canadian_grand_prix,Montréal,Qualifying,2023-06-17 20:00:00,2023/canadian_grand_prix/Qualifying/,True,True,True,True,True,True,True,20,,conventional,False,False,True,True,100.0,2023_R08,456,0.3333333333333333
2023,8,canadian_grand_prix,Montréal,Race,2023-06-18 18:00:00,2023/canadian_grand_prix/Race/,True,True,True,True,True,True,True,20,70.0,conventional,False,False,False,True,100.0,2023_R08,457,0.3333333333333333
2023,9,austrian_grand_prix,Spielberg,Practice 1,2023-06-30 11:30:00,2023/austrian_grand_prix/Practice 1/,True,True,True,True,True,True,True,20,,sprint_shootout,False,True,True,True,100.0,2023_R09,468,0.38095238095238093
2023,9,austrian_grand_prix,Spielberg,Qualifying,2023-06-30 15:00:00,2023/austrian_grand_prix/Qualifying/,True,True,True,True,True,True,True,20,,sprint_shootout,False,False,True,True,100.0,2023_R09,469,0.38095238095238093
2023,9,austrian_grand_prix,Spielberg,Race,2023-07-02 13:00:00,2023/austrian_grand_prix/Race/,True,True,True,True,True,True,True,20,71.0,sprint_shootout,False,False,False,True,100.0,2023_R09,471,0.38095238095238093
2023,9,austrian_grand_prix,Spielberg,Sprint,2023-07-01 14:30:00,2023/austrian_grand_prix/Sprint/,True,True,True,True,True,True,True,20,24.0,sprint_shootout,False,False,False,True,100.0,2023_R09,470,0.38095238095238093
2023,9,austrian_grand_prix,Spielberg,Sprint Shootout,2023-07-01 10:00:00,2023/austrian_grand_prix/Sprint Shootout/,True,True,True,True,True,True,True,20,,sprint_shootout,False,False,True,True,100.0,2023_R09,469,0.38095238095238093
2023,10,british_grand_prix,Silverstone,Practice 1,2023-07-07 11:30:00,2023/british_grand_prix/Practice 1/,True,True,True,True,True,True,True,20,,conventional,False,True,True,True,100.0,2023_R10,475,0.42857142857142855
2023,10,british_grand_prix,Silverstone,Practice 2,2023-07-07 15:00:00,2023/british_grand_prix/Practice 2/,True,True,True,True,True,True,True,20,,conventional,False,True,True,True,100.0,2023_R10,476,0.42857142857142855
2023,10,british_grand_prix,Silverstone,Practice 3,2023-07-08 10:30:00,2023/british_grand_prix/Practice 3/,True,True,True,True,True,True,True,20,,conventional,False,True,True,True,100.0,2023_R10,476,0.42857142857142855
2023,10,british_grand_prix,Silverstone,Qualifying,2023-07-08 14:00:00,2023/british_grand_prix/Qualifying/,True,True,True,True,True,True,True,20,,conventional,False,False,True,True,100.0,2023_R10,477,0.42857142857142855
2023,10,british_grand_prix,Silverstone,Race,2023-07-09 14:00:00,2023/british_grand_prix/Race/,True,True,True,True,True,True,True,20,52.0,conventional,False,False,False,True,100.0,2023_R10,478,0.42857142857142855
2023,11,hungarian_grand_prix,Budapest,Practice 1,2023-07-21 11:30:00,2023/hungarian_grand_prix/Practice 1/,True,True,True,True,True,True,True,35,,conventional,False,True,True,True,100.0,2023_R11,489,0.47619047619047616
2023,11,hungarian_grand_prix,Budapest,Practice 2,2023-07-21 15:00:00,2023/hungarian_grand_prix/Practice 2/,True,True,True,True,True,True,True,20,,conventional,False,True,True,True,100.0,2023_R11,490,0.47619047619047616
2023,11,hungarian_grand_prix,Budapest,Practice 3,2023-07-22 10:30:00,2023/hungarian_grand_prix/Practice 3/,True,True,True,True,True,True,True,20,,conventional,False,True,True,True,100.0,2023_R11,490,0.47619047619047616
2023,11,hungarian_grand_prix,Budapest,Qualifying,2023-07-22 14:00:00,2023/hungarian_grand_prix/Qualifying/,True,True,True,True,True,True,True,20,,conventional,False,False,True,True,100.0,2023_R11,491,0.47619047619047616
2023,11,hungarian_grand_prix,Budapest,Race,2023-07-23 13:00:00,2023/hungarian_grand_prix/Race/,True,True,True,True,True,True,True,20,70.0,conventional,False,False,False,True,100.0,2023_R11,492,0.47619047619047616
2023,12,belgian_grand_prix,Spa-Francorchamps,Practice 1,2023-07-28 11:30:00,2023/belgian_grand_prix/Practice 1/,True,True,True,True,True,True,True,20,,sprint_shootout,False,True,True,True,100.0,2023_R12,496,0.5238095238095238
2023,12,belgian_grand_prix,Spa-Francorchamps,Qualifying,2023-07-28 15:00:00,2023/belgian_grand_prix/Qualifying/,True,True,True,True,True,True,True,20,,sprint_shootout,False,False,True,True,100.0,2023_R12,497,0.5238095238095238
2023,12,belgian_grand_prix,Spa-Francorchamps,Race,2023-07-30 13:00:00,2023/belgian_grand_prix/Race/,True,True,True,True,True,True,True,20,44.0,sprint_shootout,False,False,False,True,100.0,2023_R12,499,0.5238095238095238
2023,12,belgian_grand_prix,Spa-Francorchamps,Sprint,2023-07-29 15:05:00,2023/belgian_grand_prix/Sprint/,True,True,True,True,True,True,True,20,11.0,sprint_shootout,False,False,False,True,100.0,2023_R12,498,0.5238095238095238
2023,12,belgian_grand_prix,Spa-Francorchamps,Sprint Shootout,2023-07-29 10:00:00,2023/belgian_grand_prix/Sprint Shootout/,True,True,True,True,True,True,True,20,,sprint_shootout,False,False,True,True,100.0,2023_R12,497,0.5238095238095238
2023,13,dutch_grand_prix,Zandvoort,Practice 1,2023-08-25 10:30:00,2023/dutch_grand_prix/Practice 1/,True,True,True,True,True,True,True,20,,conventional,False,True,True,True,100.0,2023_R13,524,0.5714285714285714
2023,13,dutch_grand_prix,Zandvoort,Practice 2,2023-08-25 14:00:00,2023/dutch_grand_prix/Practice 2/,True,True,True,True,True,True,True,20,,conventional,False,True,True,True,100.0,2023_R13,525,0.5714285714285714
2023,13,dutch_grand_prix,Zandvoort,Practice 3,2023-08-26 09:30:00,2023/dutch_grand_prix/Practice 3/,True,True,True,True,True,True,True,20,,conventional,False,True,True,True,100.0,2023_R13,525,0.5714285714285714
2023,13,dutch_grand_prix,Zandvoort,Qualifying,2023-08-26 13:00:00,2023/dutch_grand_prix/Qualifying/,True,True,True,True,True,True,True,20,,conventional,False,False,True,True,100.0,2023_R13,526,0.5714285714285714
2023,13,dutch_grand_prix,Zandvoort,Race,2023-08-27 13:00:00,2023/dutch_grand_prix/Race/,True,True,True,True,True,True,True,20,72.0,conventional,False,False,False,True,100.0,2023_R13,527,0.5714285714285714
2023,14,italian_grand_prix,Monza,Practice 1,2023-09-01 11:30:00,2023/italian_grand_prix/Practice 1/,True,True,True,True,True,True,True,20,,conventional,False,True,True,True,100.0,2023_R14,531,0.6190476190476191
2023,14,italian_grand_prix,Monza,Practice 2,2023-09-01 15:00:00,2023/italian_grand_prix/Practice 2/,True,True,True,True,True,True,True,20,,conventional,False,True,True,True,100.0,2023_R14,532,0.6190476190476191
2023,14,italian_grand_prix,Monza,Practice 3,2023-09-02 10:30:00,2023/italian_grand_prix/Practice 3/,True,True,True,True,True,True,True,20,,conventional,False,True,True,True,100.0,2023_R14,532,0.6190476190476191
2023,14,italian_grand_prix,Monza,Qualifying,2023-09-02 14:00:00,2023/italian_grand_prix/Qualifying/,True,True,True,True,True,True,True,20,,conventional,False,False,True,True,100.0,2023_R14,533,0.6190476190476191
2023,14,italian_grand_prix,Monza,Race,2023-09-03 13:00:00,2023/italian_grand_prix/Race/,True,True,True,True,True,True,True,20,51.0,conventional,False,False,False,True,100.0,2023_R14,534,0.6190476190476191
2023,15,singapore_grand_prix,Marina Bay,Practice 1,2023-09-15 09:30:00,2023/singapore_grand_prix/Practice 1/,True,True,True,True,True,True,True,20,,conventional,False,True,True,True,100.0,2023_R15,545,0.6666666666666666
2023,15,singapore_grand_prix,Marina Bay,Practice 2,2023-09-15 13:00:00,2023/singapore_grand_prix/Practice 2/,True,True,True,True,True,True,True,20,,conventional,False,True,True,True,100.0,2023_R15,546,0.6666666666666666
2023,15,singapore_grand_prix,Marina Bay,Practice 3,2023-09-16 09:30:00,2023/singapore_grand_prix/Practice 3/,True,True,True,True,True,True,True,20,,conventional,False,True,True,True,100.0,2023_R15,546,0.6666666666666666
2023,15,singapore_grand_prix,Marina Bay,Qualifying,2023-09-16 13:00:00,2023/singapore_grand_prix/Qualifying/,True,True,True,True,True,True,True,20,,conventional,False,False,True,True,100.0,2023_R15,547,0.6666666666666666
2023,15,singapore_grand_prix,Marina Bay,Race,2023-09-17 12:00:00,2023/singapore_grand_prix/Race/,True,True,True,True,True,True,True,20,62.0,conventional,False,True,True,True,100.0,2023_R15,548,0.6666666666666666
2023,16,japanese_grand_prix,Suzuka,Practice 1,2023-09-22 02:30:00,2023/japanese_grand_prix/Practice 1/,True,True,True,True,True,True,True,20,,conventional,False,True,True,True,100.0,2023_R16,552,0.7142857142857143
2023,16,japanese_grand_prix,Suzuka,Practice 2,2023-09-22 06:00:00,2023/japanese_grand_prix/Practice 2/,True,True,True,True,True,True,True,20,,conventional,False,True,True,True,100.0,2023_R16,552,0.7142857142857143
2023,16,japanese_grand_prix,Suzuka,Practice 3,2023-09-23 02:30:00,2023/japanese_grand_prix/Practice 3/,True,True,True,True,True,True,True,20,,conventional,False,True,True,True,100.0,2023_R16,553,0.7142857142857143
2023,16,japanese_grand_prix,Suzuka,Qualifying,2023-09-23 06:00:00,2023/japanese_grand_prix/Qualifying/,True,True,True,True,True,True,True,20,,conventional,False,False,True,True,100.0,2023_R16,553,0.7142857142857143
2023,16,japanese_grand_prix,Suzuka,Race,2023-09-24 05:00:00,2023/japanese_grand_prix/Race/,True,True,True,True,True,True,True,20,53.0,conventional,False,False,False,True,100.0,2023_R16,554,0.7142857142857143
2023,17,qatar_grand_prix,Lusail,Practice 1,2023-10-06 13:30:00,2023/qatar_grand_prix/Practice 1/,True,True,True,True,True,True,True,20,,sprint_shootout,False,True,True,True,100.0,2023_R17,567,0.7619047619047619
2023,17,qatar_grand_prix,Lusail,Qualifying,2023-10-06 17:00:00,2023/qatar_grand_prix/Qualifying/,True,True,True,True,True,True,True,20,,sprint_shootout,False,False,True,True,100.0,2023_R17,567,0.7619047619047619
2023,17,qatar_grand_prix,Lusail,Race,2023-10-08 17:00:00,2023/qatar_grand_prix/Race/,True,True,True,True,True,True,True,20,57.0,sprint_shootout,False,False,False,True,100.0,2023_R17,569,0.7619047619047619
2023,17,qatar_grand_prix,Lusail,Sprint,2023-10-07 17:30:00,2023/qatar_grand_prix/Sprint/,True,True,True,True,True,True,True,20,19.0,sprint_shootout,False,False,False,True,100.0,2023_R17,568,0.7619047619047619
2023,17,qatar_grand_prix,Lusail,Sprint Shootout,2023-10-07 13:20:00,2023/qatar_grand_prix/Sprint Shootout/,True,True,True,True,True,True,True,20,,sprint_shootout,False,False,True,True,100.0,2023_R17,568,0.7619047619047619
2023,18,united_states_grand_prix,Austin,Practice 1,2023-10-20 17:30:00,2023/united_states_grand_prix/Practice 1/,True,True,True,True,True,True,True,20,,sprint_shootout,False,True,True,True,100.0,2023_R18,581,0.8095238095238095
2023,18,united_states_grand_prix,Austin,Qualifying,2023-10-20 21:00:00,2023/united_states_grand_prix/Qualifying/,True,True,True,True,True,True,True,20,,sprint_shootout,False,False,True,True,100.0,2023_R18,581,0.8095238095238095
2023,18,united_states_grand_prix,Austin,Race,2023-10-22 19:00:00,2023/united_states_grand_prix/Race/,True,True,True,True,True,True,True,20,56.0,sprint_shootout,False,False,False,True,100.0,2023_R18,583,0.8095238095238095
2023,18,united_states_grand_prix,Austin,Sprint,2023-10-21 22:00:00,2023/united_states_grand_prix/Sprint/,True,True,True,True,True,True,True,20,19.0,sprint_shootout,False,False,False,True,100.0,2023_R18,582,0.8095238095238095
2023,18,united_states_grand_prix,Austin,Sprint Shootout,2023-10-21 17:30:00,2023/united_states_grand_prix/Sprint Shootout/,True,True,True,True,True,True,True,20,,sprint_shootout,False,False,True,True,100.0,2023_R18,582,0.8095238095238095
2023,19,mexico_city_grand_prix,Mexico City,Practice 1,2023-10-27 18:30:00,2023/mexico_city_grand_prix/Practice 1/,True,True,True,True,True,True,True,20,,conventional,False,True,True,True,100.0,2023_R19,588,0.8571428571428571
2023,19,mexico_city_grand_prix,Mexico City,Practice 2,2023-10-27 22:00:00,2023/mexico_city_grand_prix/Practice 2/,True,True,True,True,True,True,True,20,,conventional,False,True,True,True,100.0,2023_R19,588,0.8571428571428571
2023,19,mexico_city_grand_prix,Mexico City,Practice 3,2023-10-28 17:30:00,2023/mexico_city_grand_prix/Practice 3/,True,True,True,True,True,True,True,20,,conventional,False,True,True,True,100.0,2023_R19,589,0.8571428571428571
2023,19,mexico_city_grand_prix,Mexico City,Qualifying,2023-10-28 21:00:00,2023/mexico_city_grand_prix/Qualifying/,True,True,True,True,True,True,True,20,,conventional,False,False,True,True,100.0,2023_R19,589,0.8571428571428571
2023,19,mexico_city_grand_prix,Mexico City,Race,2023-10-29 20:00:00,2023/mexico_city_grand_prix/Race/,True,True,True,True,True,True,True,20,71.0,conventional,False,False,False,True,100.0,2023_R19,590,0.8571428571428571
2023,20,são_paulo_grand_prix,São Paulo,Practice 1,2023-11-03 14:30:00,2023/são_paulo_grand_prix/Practice 1/,True,True,True,True,True,True,True,20,,sprint_shootout,False,True,True,True,100.0,2023_R20,595,0.9047619047619048
2023,20,são_paulo_grand_prix,São Paulo,Qualifying,2023-11-03 18:00:00,2023/são_paulo_grand_prix/Qualifying/,True,True,True,True,True,True,True,20,,sprint_shootout,False,False,True,True,100.0,2023_R20,595,0.9047619047619048
2023,20,são_paulo_grand_prix,São Paulo,Race,2023-11-05 17:00:00,2023/são_paulo_grand_prix/Race/,True,True,True,True,True,True,True,20,71.0,sprint_shootout,False,False,False,True,100.0,2023_R20,597,0.9047619047619048
2023,20,são_paulo_grand_prix,São Paulo,Sprint,2023-11-04 18:30:00,2023/são_paulo_grand_prix/Sprint/,True,True,True,True,True,True,True,20,24.0,sprint_shootout,False,False,False,True,100.0,2023_R20,596,0.9047619047619048
2023,20,são_paulo_grand_prix,São Paulo,Sprint Shootout,2023-11-04 14:00:00,2023/são_paulo_grand_prix/Sprint Shootout/,True,True,True,True,True,True,True,20,,sprint_shootout,False,False,True,True,100.0,2023_R20,596,0.9047619047619048
2023,21,las_vegas_grand_prix,Las Vegas,Practice 1,2023-11-17 04:30:00,2023/las_vegas_grand_prix/Practice 1/,True,True,True,True,True,True,True,20,,conventional,False,True,True,True,100.0,2023_R21,608,0.9523809523809523
2023,21,las_vegas_grand_prix,Las Vegas,Practice 2,2023-11-17 10:30:00,2023/las_vegas_grand_prix/Practice 2/,True,True,True,True,True,True,True,20,,conventional,False,True,True,True,100.0,2023_R21,608,0.9523809523809523
2023,21,las_vegas_grand_prix,Las Vegas,Practice 3,2023-11-18 04:30:00,2023/las_vegas_grand_prix/Practice 3/,True,True,True,True,True,True,True,20,,conventional,False,True,True,True,100.0,2023_R21,609,0.9523809523809523
2023,21,las_vegas_grand_prix,Las Vegas,Qualifying,2023-11-18 08:00:00,2023/las_vegas_grand_prix/Qualifying/,True,True,True,True,True,True,True,20,,conventional,False,False,True,True,100.0,2023_R21,609,0.9523809523809523
2023,21,las_vegas_grand_prix,Las Vegas,Race,2023-11-19 06:00:00,2023/las_vegas_grand_prix/Race/,True,True,True,True,True,True,True,20,50.0,conventional,False,False,False,True,100.0,2023_R21,610,0.9523809523809523
2023,22,abu_dhabi_grand_prix,Yas Island,Practice 1,2023-11-24 09:30:00,2023/abu_dhabi_grand_prix/Practice 1/,True,True,True,True,True,True,True,20,,conventional,False,True,True,True,100.0,2023_R22,615,1.0
2023,22,abu_dhabi_grand_prix,Yas Island,Practice 2,2023-11-24 13:00:00,2023/abu_dhabi_grand_prix/Practice 2/,True,True,True,True,True,True,True,20,,conventional,False,True,True,True,100.0,2023_R22,616,1.0
2023,22,abu_dhabi_grand_prix,Yas Island,Practice 3,2023-11-25 10:30:00,2023/abu_dhabi_grand_prix/Practice 3/,True,True,True,True,True,True,True,20,,conventional,False,True,True,True,100.0,2023_R22,616,1.0
2023,22,abu_dhabi_grand_prix,Yas Island,Qualifying,2023-11-25 14:00:00,2023/abu_dhabi_grand_prix/Qualifying/,True,True,True,True,True,True,True,20,,conventional,False,False,True,True,100.0,2023_R22,617,1.0
2023,22,abu_dhabi_grand_prix,Yas Island,Race,2023-11-26 13:00:00,2023/abu_dhabi_grand_prix/Race/,True,True,True,True,True,True,True,20,58.0,conventional,False,False,False,True,100.0,2023_R22,618,1.0
2024,1,bahrain_grand_prix,Sakhir,Practice 1,2024-02-29 11:30:00,2024/bahrain_grand_prix/Practice 1/,True,True,True,True,True,True,True,20,,conventional,False,True,True,True,100.0,2024_R01,712,0.0
2024,1,bahrain_grand_prix,Sakhir,Practice 2,2024-02-29 15:00:00,2024/bahrain_grand_prix/Practice 2/,True,True,True,True,True,True,True,20,,conventional,False,True,True,True,100.0,2024_R01,713,0.0
2024,1,bahrain_grand_prix,Sakhir,Practice 3,2024-03-01 12:30:00,2024/bahrain_grand_prix/Practice 3/,True,True,True,True,True,True,True,20,,conventional,False,True,True,True,100.0,2024_R01,714,0.0
2024,1,bahrain_grand_prix,Sakhir,Qualifying,2024-03-01 16:00:00,2024/bahrain_grand_prix/Qualifying/,True,True,True,True,True,True,True,20,,conventional,False,False,True,True,100.0,2024_R01,714,0.0
2024,1,bahrain_grand_prix,Sakhir,Race,2024-03-02 15:00:00,2024/bahrain_grand_prix/Race/,True,True,True,True,True,True,True,20,57.0,conventional,False,False,False,True,100.0,2024_R01,715,0.0
2024,2,saudi_arabian_grand_prix,Jeddah,Practice 1,2024-03-07 13:30:00,2024/saudi_arabian_grand_prix/Practice 1/,True,True,True,True,True,True,True,20,,conventional,False,True,True,True,100.0,2024_R02,720,0.043478260869565216
2024,2,saudi_arabian_grand_prix,Jeddah,Practice 2,2024-03-07 17:10:00,2024/saudi_arabian_grand_prix/Practice 2/,True,True,True,True,True,True,True,20,,conventional,False,True,True,True,100.0,2024_R02,720,0.043478260869565216
2024,2,saudi_arabian_grand_prix,Jeddah,Practice 3,2024-03-08 13:30:00,2024/saudi_arabian_grand_prix/Practice 3/,True,True,True,True,True,True,True,20,,conventional,False,True,True,True,100.0,2024_R02,721,0.043478260869565216
2024,2,saudi_arabian_grand_prix,Jeddah,Qualifying,2024-03-08 17:00:00,2024/saudi_arabian_grand_prix/Qualifying/,True,True,True,True,True,True,True,20,,conventional,False,False,True,True,100.0,2024_R02,721,0.043478260869565216
2024,2,saudi_arabian_grand_prix,Jeddah,Race,2024-03-09 17:00:00,2024/saudi_arabian_grand_prix/Race/,True,True,True,True,True,True,True,20,50.0,conventional,False,False,False,True,100.0,2024_R02,722,0.043478260869565216
2024,3,australian_grand_prix,Melbourne,Practice 1,2024-03-22 01:30:00,2024/australian_grand_prix/Practice 1/,True,True,True,True,True,True,True,20,,conventional,False,True,True,True,100.0,2024_R03,734,0.08695652173913043
2024,3,australian_grand_prix,Melbourne,Practice 2,2024-03-22 05:00:00,2024/australian_grand_prix/Practice 2/,True,True,True,True,True,True,True,20,,conventional,False,True,True,True,100.0,2024_R03,734,0.08695652173913043
2024,3,australian_grand_prix,Melbourne,Practice 3,2024-03-23 01:30:00,2024/australian_grand_prix/Practice 3/,True,True,True,True,True,True,True,19,,conventional,False,True,True,True,100.0,2024_R03,735,0.08695652173913043
2024,3,australian_grand_prix,Melbourne,Qualifying,2024-03-23 05:00:00,2024/australian_grand_prix/Qualifying/,True,True,True,True,True,True,True,19,,conventional,False,False,True,True,100.0,2024_R03,735,0.08695652173913043
2024,3,australian_grand_prix,Melbourne,Race,2024-03-24 04:00:00,2024/australian_grand_prix/Race/,True,True,True,True,True,True,True,19,58.0,conventional,False,False,False,True,100.0,2024_R03,736,0.08695652173913043
2024,4,japanese_grand_prix,Suzuka,Practice 1,2024-04-05 02:30:00,2024/japanese_grand_prix/Practice 1/,True,True,True,True,True,True,True,20,,conventional,False,True,True,True,100.0,2024_R04,748,0.13043478260869565
2024,4,japanese_grand_prix,Suzuka,Practice 2,2024-04-05 06:00:00,2024/japanese_grand_prix/Practice 2/,True,True,True,True,True,True,True,20,,conventional,False,True,True,True,100.0,2024_R04,748,0.13043478260869565
2024,4,japanese_grand_prix,Suzuka,Practice 3,2024-04-06 02:30:00,2024/japanese_grand_prix/Practice 3/,True,True,True,True,True,True,True,20,,conventional,False,True,True,True,100.0,2024_R04,749,0.13043478260869565
2024,4,japanese_grand_prix,Suzuka,Qualifying,2024-04-06 06:00:00,2024/japanese_grand_prix/Qualifying/,True,True,True,True,True,True,True,20,,conventional,False,False,True,True,100.0,2024_R04,749,0.13043478260869565
2024,4,japanese_grand_prix,Suzuka,Race,2024-04-07 05:00:00,2024/japanese_grand_prix/Race/,True,True,True,True,True,True,True,20,53.0,conventional,False,False,False,True,100.0,2024_R04,750,0.13043478260869565
2024,5,chinese_grand_prix,Shanghai,Practice 1,2024-04-19 03:30:00,2024/chinese_grand_prix/Practice 1/,True,True,True,True,True,True,True,20,,sprint_qualifying,False,True,True,True,100.0,2024_R05,762,0.17391304347826086
2024,5,chinese_grand_prix,Shanghai,Qualifying,2024-04-20 07:00:00,2024/chinese_grand_prix/Qualifying/,True,True,True,True,True,True,True,20,,sprint_qualifying,False,False,True,True,100.0,2024_R05,763,0.17391304347826086
2024,5,chinese_grand_prix,Shanghai,Race,2024-04-21 07:00:00,2024/chinese_grand_prix/Race/,True,True,True,True,True,True,True,20,56.0,sprint_qualifying,False,False,False,True,100.0,2024_R05,764,0.17391304347826086
2024,5,chinese_grand_prix,Shanghai,Sprint,2024-04-20 03:00:00,2024/chinese_grand_prix/Sprint/,True,True,True,True,True,True,True,20,19.0,sprint_qualifying,False,False,False,True,100.0,2024_R05,763,0.17391304347826086
2024,5,chinese_grand_prix,Shanghai,Sprint Qualifying,2024-04-19 07:30:00,2024/chinese_grand_prix/Sprint Qualifying/,True,True,True,True,True,True,True,20,,sprint_qualifying,False,False,True,True,100.0,2024_R05,762,0.17391304347826086
2024,6,miami_grand_prix,Miami,Practice 1,2024-05-03 16:30:00,2024/miami_grand_prix/Practice 1/,True,True,True,True,True,True,True,20,,sprint_qualifying,False,True,True,True,100.0,2024_R06,777,0.21739130434782608
2024,6,miami_grand_prix,Miami,Qualifying,2024-05-04 20:00:00,2024/miami_grand_prix/Qualifying/,True,True,True,True,True,True,True,20,,sprint_qualifying,False,False,True,True,100.0,2024_R06,778,0.21739130434782608
2024,6,miami_grand_prix,Miami,Race,2024-05-05 20:00:00,2024/miami_grand_prix/Race/,True,True,True,True,True,True,True,20,57.0,sprint_qualifying,False,False,False,True,100.0,2024_R06,779,0.21739130434782608
2024,6,miami_grand_prix,Miami,Sprint,2024-05-04 16:00:00,2024/miami_grand_prix/Sprint/,True,True,True,True,True,True,True,20,19.0,sprint_qualifying,False,False,False,True,100.0,2024_R06,778,0.21739130434782608
2024,6,miami_grand_prix,Miami,Sprint Qualifying,2024-05-03 20:30:00,2024/miami_grand_prix/Sprint Qualifying/,True,True,True,True,True,True,True,20,,sprint_qualifying,False,False,True,True,100.0,2024_R06,777,0.21739130434782608
2024,7,emilia_romagna_grand_prix,Imola,Practice 1,2024-05-17 11:30:00,2024/emilia_romagna_grand_prix/Practice 1/,True,True,True,True,True,True,True,20,,conventional,False,True,True,True,100.0,2024_R07,790,0.2608695652173913
2024,7,emilia_romagna_grand_prix,Imola,Practice 2,2024-05-17 15:00:00,2024/emilia_romagna_grand_prix/Practice 2/,True,True,True,True,True,True,True,20,,conventional,False,True,True,True,100.0,2024_R07,791,0.2608695652173913
2024,7,emilia_romagna_grand_prix,Imola,Practice 3,2024-05-18 10:30:00,2024/emilia_romagna_grand_prix/Practice 3/,True,True,True,True,True,True,True,20,,conventional,False,True,True,True,100.0,2024_R07,791,0.2608695652173913
2024,7,emilia_romagna_grand_prix,Imola,Qualifying,2024-05-18 14:00:00,2024/emilia_romagna_grand_prix/Qualifying/,True,True,True,True,True,True,True,20,,conventional,False,False,True,True,100.0,2024_R07,792,0.2608695652173913
2024,7,emilia_romagna_grand_prix,Imola,Race,2024-05-19 13:00:00,2024/emilia_romagna_grand_prix/Race/,True,True,True,True,True,True,True,20,63.0,conventional,False,False,False,True,100.0,2024_R07,793,0.2608695652173913
2024,8,monaco_grand_prix,Monaco,Practice 1,2024-05-24 11:30:00,2024/monaco_grand_prix/Practice 1/,True,True,True,True,True,True,True,20,,conventional,False,True,True,True,100.0,2024_R08,797,0.30434782608695654
2024,8,monaco_grand_prix,Monaco,Practice 2,2024-05-24 15:00:00,2024/monaco_grand_prix/Practice 2/,True,True,True,True,True,True,True,20,,conventional,False,True,True,True,100.0,2024_R08,798,0.30434782608695654
2024,8,monaco_grand_prix,Monaco,Practice 3,2024-05-25 10:30:00,2024/monaco_grand_prix/Practice 3/,True,True,True,True,True,True,True,20,,conventional,False,True,True,True,100.0,2024_R08,798,0.30434782608695654
2024,8,monaco_grand_prix,Monaco,Qualifying,2024-05-25 14:00:00,2024/monaco_grand_prix/Qualifying/,True,True,True,True,True,True,True,20,,conventional,False,False,True,True,100.0,2024_R08,799,0.30434782608695654
2024,8,monaco_grand_prix,Monaco,Race,2024-05-26 13:00:00,2024/monaco_grand_prix/Race/,True,True,True,True,True,True,True,20,78.0,conventional,False,False,False,True,100.0,2024_R08,800,0.30434782608695654
2024,9,canadian_grand_prix,Montréal,Practice 1,2024-06-07 17:30:00,2024/canadian_grand_prix/Practice 1/,True,True,True,True,True,True,True,20,,conventional,False,True,True,True,100.0,2024_R09,812,0.34782608695652173
2024,9,canadian_grand_prix,Montréal,Practice 2,2024-06-07 21:00:00,2024/canadian_grand_prix/Practice 2/,True,True,True,True,True,True,True,20,,conventional,False,True,True,True,100.0,2024_R09,812,0.34782608695652173
2024,9,canadian_grand_prix,Montréal,Practice 3,2024-06-08 16:30:00,2024/canadian_grand_prix/Practice 3/,True,True,True,True,True,True,True,20,,conventional,False,True,True,True,100.0,2024_R09,813,0.34782608695652173
2024,9,canadian_grand_prix,Montréal,Qualifying,2024-06-08 20:00:00,2024/canadian_grand_prix/Qualifying/,True,True,True,True,True,True,True,20,,conventional,False,False,True,True,100.0,2024_R09,813,0.34782608695652173
2024,9,canadian_grand_prix,Montréal,Race,2024-06-09 18:00:00,2024/canadian_grand_prix/Race/,True,True,True,True,True,True,True,20,70.0,conventional,False,False,False,True,100.0,2024_R09,814,0.34782608695652173
2024,10,spanish_grand_prix,Barcelona,Practice 1,2024-06-21 11:30:00,2024/spanish_grand_prix/Practice 1/,True,True,True,True,True,True,True,20,,conventional,False,True,True,True,100.0,2024_R10,825,0.391304347826087
2024,10,spanish_grand_prix,Barcelona,Practice 2,2024-06-21 15:00:00,2024/spanish_grand_prix/Practice 2/,True,True,True,True,True,True,True,20,,conventional,False,True,True,True,100.0,2024_R10,826,0.391304347826087
2024,10,spanish_grand_prix,Barcelona,Practice 3,2024-06-22 10:30:00,2024/spanish_grand_prix/Practice 3/,True,True,True,True,True,True,True,20,,conventional,False,True,True,True,100.0,2024_R10,826,0.391304347826087
2024,10,spanish_grand_prix,Barcelona,Qualifying,2024-06-22 14:00:00,2024/spanish_grand_prix/Qualifying/,True,True,True,True,True,True,True,20,,conventional,False,False,True,True,100.0,2024_R10,827,0.391304347826087
2024,10,spanish_grand_prix,Barcelona,Race,2024-06-23 13:00:00,2024/spanish_grand_prix/Race/,True,True,True,True,True,True,True,20,66.0,conventional,False,False,False,True,100.0,2024_R10,828,0.391304347826087
2024,11,austrian_grand_prix,Spielberg,Practice 1,2024-06-28 10:30:00,2024/austrian_grand_prix/Practice 1/,True,True,True,True,True,True,True,20,,sprint_qualifying,False,True,True,True,100.0,2024_R11,832,0.43478260869565216
2024,11,austrian_grand_prix,Spielberg,Qualifying,2024-06-29 14:00:00,2024/austrian_grand_prix/Qualifying/,True,True,True,True,True,True,True,20,,sprint_qualifying,False,False,True,True,100.0,2024_R11,834,0.43478260869565216
2024,11,austrian_grand_prix,Spielberg,Race,2024-06-30 13:00:00,2024/austrian_grand_prix/Race/,True,True,True,True,True,True,True,20,71.0,sprint_qualifying,False,False,False,True,100.0,2024_R11,835,0.43478260869565216
2024,11,austrian_grand_prix,Spielberg,Sprint,2024-06-29 10:00:00,2024/austrian_grand_prix/Sprint/,True,True,True,True,True,True,True,20,23.0,sprint_qualifying,False,False,False,True,100.0,2024_R11,833,0.43478260869565216
2024,11,austrian_grand_prix,Spielberg,Sprint Qualifying,2024-06-28 14:30:00,2024/austrian_grand_prix/Sprint Qualifying/,True,True,True,True,True,True,True,20,,sprint_qualifying,False,False,True,True,100.0,2024_R11,833,0.43478260869565216
2024,12,british_grand_prix,Silverstone,Practice 1,2024-07-05 11:30:00,2024/british_grand_prix/Practice 1/,True,True,True,True,True,True,True,20,,conventional,False,True,True,True,100.0,2024_R12,839,0.4782608695652174
2024,12,british_grand_prix,Silverstone,Practice 2,2024-07-05 15:00:00,2024/british_grand_prix/Practice 2/,True,True,True,True,True,True,True,20,,conventional,False,True,True,True,100.0,2024_R12,840,0.4782608695652174
2024,12,british_grand_prix,Silverstone,Practice 3,2024-07-06 10:30:00,2024/british_grand_prix/Practice 3/,True,True,True,True,True,True,True,20,,conventional,False,True,True,True,100.0,2024_R12,840,0.4782608695652174
2024,12,british_grand_prix,Silverstone,Qualifying,2024-07-06 14:00:00,2024/british_grand_prix/Qualifying/,True,True,True,True,True,True,True,20,,conventional,False,False,True,True,100.0,2024_R12,841,0.4782608695652174
2024,12,british_grand_prix,Silverstone,Race,2024-07-07 14:00:00,2024/british_grand_prix/Race/,True,True,True,True,True,True,True,20,52.0,conventional,False,False,False,True,100.0,2024_R12,842,0.4782608695652174
2024,13,hungarian_grand_prix,Budapest,Practice 1,2024-07-19 11:30:00,2024/hungarian_grand_prix/Practice 1/,True,True,True,True,True,True,True,20,,conventional,False,True,True,True,100.0,2024_R13,853,0.5217391304347826
2024,13,hungarian_grand_prix,Budapest,Practice 2,2024-07-19 15:00:00,2024/hungarian_grand_prix/Practice 2/,True,True,True,True,True,True,True,20,,conventional,False,True,True,True,100.0,2024_R13,854,0.5217391304347826
2024,13,hungarian_grand_prix,Budapest,Practice 3,2024-07-20 10:30:00,2024/hungarian_grand_prix/Practice 3/,True,True,True,True,True,True,True,20,,conventional,False,True,True,True,100.0,2024_R13,854,0.5217391304347826
2024,13,hungarian_grand_prix,Budapest,Qualifying,2024-07-20 14:00:00,2024/hungarian_grand_prix/Qualifying/,True,True,True,True,True,True,True,20,,conventional,False,False,True,True,100.0,2024_R13,855,0.5217391304347826
2024,13,hungarian_grand_prix,Budapest,Race,2024-07-21 13:00:00,2024/hungarian_grand_prix/Race/,True,True,True,True,True,True,True,20,70.0,conventional,False,False,False,True,100.0,2024_R13,856,0.5217391304347826
2024,14,belgian_grand_prix,Spa-Francorchamps,Practice 1,2024-07-26 11:30:00,2024/belgian_grand_prix/Practice 1/,True,True,True,True,True,True,True,20,,conventional,False,True,True,True,100.0,2024_R14,860,0.5652173913043478
2024,14,belgian_grand_prix,Spa-Francorchamps,Practice 2,2024-07-26 15:00:00,2024/belgian_grand_prix/Practice 2/,True,True,True,True,True,True,True,20,,conventional,False,True,True,True,100.0,2024_R14,861,0.5652173913043478
2024,14,belgian_grand_prix,Spa-Francorchamps,Practice 3,2024-07-27 10:30:00,2024/belgian_grand_prix/Practice 3/,True,True,True,True,True,True,True,20,,conventional,False,True,True,True,100.0,2024_R14,861,0.5652173913043478
2024,14,belgian_grand_prix,Spa-Francorchamps,Qualifying,2024-07-27 14:00:00,2024/belgian_grand_prix/Qualifying/,True,True,True,True,True,True,True,20,,conventional,False,False,True,True,100.0,2024_R14,862,0.5652173913043478
2024,14,belgian_grand_prix,Spa-Francorchamps,Race,2024-07-28 13:00:00,2024/belgian_grand_prix/Race/,True,True,True,True,True,True,True,20,44.0,conventional,False,False,False,True,100.0,2024_R14,863,0.5652173913043478
2024,15,dutch_grand_prix,Zandvoort,Practice 1,2024-08-23 10:30:00,2024/dutch_grand_prix/Practice 1/,True,True,True,True,True,True,True,20,,conventional,False,True,True,True,100.0,2024_R15,888,0.6086956521739131
2024,15,dutch_grand_prix,Zandvoort,Practice 2,2024-08-23 14:00:00,2024/dutch_grand_prix/Practice 2/,True,True,True,True,True,True,True,20,,conventional,False,True,True,True,100.0,2024_R15,889,0.6086956521739131
2024,15,dutch_grand_prix,Zandvoort,Practice 3,2024-08-24 09:30:00,2024/dutch_grand_prix/Practice 3/,True,True,True,True,True,True,True,20,,conventional,False,True,True,True,100.0,2024_R15,889,0.6086956521739131
2024,15,dutch_grand_prix,Zandvoort,Qualifying,2024-08-24 13:00:00,2024/dutch_grand_prix/Qualifying/,True,True,True,True,True,True,True,20,,conventional,False,False,True,True,100.0,2024_R15,890,0.6086956521739131
2024,15,dutch_grand_prix,Zandvoort,Race,2024-08-25 13:00:00,2024/dutch_grand_prix/Race/,True,True,True,True,True,True,True,20,72.0,conventional,False,False,False,True,100.0,2024_R15,891,0.6086956521739131
2024,16,italian_grand_prix,Monza,Practice 1,2024-08-30 11:30:00,2024/italian_grand_prix/Practice 1/,True,True,True,True,True,True,True,20,,conventional,False,True,True,True,100.0,2024_R16,895,0.6521739130434783
2024,16,italian_grand_prix,Monza,Practice 2,2024-08-30 15:00:00,2024/italian_grand_prix/Practice 2/,True,True,True,True,True,True,True,20,,conventional,False,True,True,True,100.0,2024_R16,896,0.6521739130434783
2024,16,italian_grand_prix,Monza,Practice 3,2024-08-31 10:30:00,2024/italian_grand_prix/Practice 3/,True,True,True,True,True,True,True,20,,conventional,False,True,True,True,100.0,2024_R16,896,0.6521739130434783
2024,16,italian_grand_prix,Monza,Qualifying,2024-08-31 14:00:00,2024/italian_grand_prix/Qualifying/,True,True,True,True,True,True,True,20,,conventional,False,False,True,True,100.0,2024_R16,897,0.6521739130434783
2024,16,italian_grand_prix,Monza,Race,2024-09-01 13:00:00,2024/italian_grand_prix/Race/,True,True,True,True,True,True,True,20,53.0,conventional,False,False,False,True,100.0,2024_R16,898,0.6521739130434783
2024,17,azerbaijan_grand_prix,Baku,Practice 1,2024-09-13 09:30:00,2024/azerbaijan_grand_prix/Practice 1/,True,True,True,True,True,True,True,20,,conventional,False,True,True,True,100.0,2024_R17,909,0.6956521739130435
2024,17,azerbaijan_grand_prix,Baku,Practice 2,2024-09-13 13:00:00,2024/azerbaijan_grand_prix/Practice 2/,True,True,True,True,True,True,True,20,,conventional,False,True,True,True,100.0,2024_R17,910,0.6956521739130435
2024,17,azerbaijan_grand_prix,Baku,Practice 3,2024-09-14 08:30:00,2024/azerbaijan_grand_prix/Practice 3/,True,True,True,True,True,True,True,20,,conventional,False,True,True,True,100.0,2024_R17,910,0.6956521739130435
2024,17,azerbaijan_grand_prix,Baku,Qualifying,2024-09-14 12:00:00,2024/azerbaijan_grand_prix/Qualifying/,True,True,True,True,True,True,True,20,,conventional,False,False,True,True,100.0,2024_R17,911,0.6956521739130435
2024,17,azerbaijan_grand_prix,Baku,Race,2024-09-15 11:00:00,2024/azerbaijan_grand_prix/Race/,True,True,True,True,True,True,True,20,51.0,conventional,False,False,False,True,100.0,2024_R17,911,0.6956521739130435
2024,18,singapore_grand_prix,Marina Bay,Practice 1,2024-09-20 09:30:00,2024/singapore_grand_prix/Practice 1/,True,True,True,True,True,True,True,20,,conventional,False,True,True,True,100.0,2024_R18,916,0.7391304347826086
2024,18,singapore_grand_prix,Marina Bay,Practice 2,2024-09-20 13:00:00,2024/singapore_grand_prix/Practice 2/,True,True,True,True,True,True,True,20,,conventional,False,True,True,True,100.0,2024_R18,917,0.7391304347826086
2024,18,singapore_grand_prix,Marina Bay,Practice 3,2024-09-21 09:30:00,2024/singapore_grand_prix/Practice 3/,True,True,True,True,True,True,True,20,,conventional,False,True,True,True,100.0,2024_R18,917,0.7391304347826086
2024,18,singapore_grand_prix,Marina Bay,Qualifying,2024-09-21 13:00:00,2024/singapore_grand_prix/Qualifying/,True,True,True,True,True,True,True,20,,conventional,False,False,True,True,100.0,2024_R18,918,0.7391304347826086
2024,18,singapore_grand_prix,Marina Bay,Race,2024-09-22 12:00:00,2024/singapore_grand_prix/Race/,True,True,True,True,True,True,True,20,62.0,conventional,False,False,False,True,100.0,2024_R18,919,0.7391304347826086
2024,19,united_states_grand_prix,Austin,Practice 1,2024-10-18 17:30:00,2024/united_states_grand_prix/Practice 1/,True,True,True,True,True,True,True,20,,sprint_qualifying,False,True,True,True,100.0,2024_R19,945,0.782608695652174
2024,19,united_states_grand_prix,Austin,Qualifying,2024-10-19 22:00:00,2024/united_states_grand_prix/Qualifying/,True,True,True,True,True,True,True,20,,sprint_qualifying,False,False,True,True,100.0,2024_R19,946,0.782608695652174
2024,19,united_states_grand_prix,Austin,Race,2024-10-20 19:00:00,2024/united_states_grand_prix/Race/,True,True,True,True,True,True,True,20,56.0,sprint_qualifying,False,False,False,True,100.0,2024_R19,947,0.782608695652174
2024,19,united_states_grand_prix,Austin,Sprint,2024-10-19 18:00:00,2024/united_states_grand_prix/Sprint/,True,True,True,True,True,True,True,20,19.0,sprint_qualifying,False,False,False,True,100.0,2024_R19,946,0.782608695652174
2024,19,united_states_grand_prix,Austin,Sprint Qualifying,2024-10-18 21:30:00,2024/united_states_grand_prix/Sprint Qualifying/,True,True,True,True,True,True,True,20,,sprint_qualifying,False,False,True,True,100.0,2024_R19,945,0.782608695652174
2024,20,mexico_city_grand_prix,Mexico City,Practice 1,2024-10-25 18:30:00,2024/mexico_city_grand_prix/Practice 1/,True,True,True,True,True,True,True,20,,conventional,False,True,True,True,100.0,2024_R20,952,0.8260869565217391
2024,20,mexico_city_grand_prix,Mexico City,Practice 2,2024-10-25 22:00:00,2024/mexico_city_grand_prix/Practice 2/,True,True,True,True,True,True,True,20,,conventional,False,True,True,True,100.0,2024_R20,952,0.8260869565217391
2024,20,mexico_city_grand_prix,Mexico City,Practice 3,2024-10-26 17:30:00,2024/mexico_city_grand_prix/Practice 3/,True,True,True,True,True,True,True,20,,conventional,False,True,True,True,100.0,2024_R20,953,0.8260869565217391
2024,20,mexico_city_grand_prix,Mexico City,Qualifying,2024-10-26 21:00:00,2024/mexico_city_grand_prix/Qualifying/,True,True,True,True,True,True,True,20,,conventional,False,False,True,True,100.0,2024_R20,953,0.8260869565217391
2024,20,mexico_city_grand_prix,Mexico City,Race,2024-10-27 20:00:00,2024/mexico_city_grand_prix/Race/,True,True,True,True,True,True,True,20,71.0,conventional,False,False,False,True,100.0,2024_R20,954,0.8260869565217391
2024,21,são_paulo_grand_prix,São Paulo,Practice 1,2024-11-01 14:30:00,2024/são_paulo_grand_prix/Practice 1/,True,True,True,True,True,True,True,20,,sprint_qualifying,False,True,True,True,100.0,2024_R21,959,0.8695652173913043
2024,21,são_paulo_grand_prix,São Paulo,Qualifying,2024-11-03 10:30:00,2024/são_paulo_grand_prix/Qualifying/,True,True,True,True,True,True,True,20,,sprint_qualifying,False,False,True,True,100.0,2024_R21,960,0.8695652173913043
2024,21,são_paulo_grand_prix,São Paulo,Race,2024-11-03 15:30:00,2024/são_paulo_grand_prix/Race/,True,True,True,True,True,True,True,20,69.0,sprint_qualifying,False,False,False,True,100.0,2024_R21,961,0.8695652173913043
2024,21,são_paulo_grand_prix,São Paulo,Sprint,2024-11-02 14:00:00,2024/são_paulo_grand_prix/Sprint/,True,True,True,True,True,True,True,20,24.0,sprint_qualifying,False,False,False,True,100.0,2024_R21,960,0.8695652173913043
2024,21,são_paulo_grand_prix,São Paulo,Sprint Qualifying,2024-11-01 18:30:00,2024/são_paulo_grand_prix/Sprint Qualifying/,True,True,True,True,True,True,True,20,,sprint_qualifying,False,False,True,True,100.0,2024_R21,959,0.8695652173913043
2024,22,las_vegas_grand_prix,Las Vegas,Practice 1,2024-11-22 02:30:00,2024/las_vegas_grand_prix/Practice 1/,True,True,True,True,True,True,True,20,,conventional,False,True,True,True,100.0,2024_R22,979,0.9130434782608695
2024,22,las_vegas_grand_prix,Las Vegas,Practice 2,2024-11-22 06:00:00,2024/las_vegas_grand_prix/Practice 2/,True,True,True,True,True,True,True,20,,conventional,False,True,True,True,100.0,2024_R22,979,0.9130434782608695
2024,22,las_vegas_grand_prix,Las Vegas,Practice 3,2024-11-23 02:30:00,2024/las_vegas_grand_prix/Practice 3/,True,True,True,True,True,True,True,20,,conventional,False,True,True,True,100.0,2024_R22,980,0.9130434782608695
2024,22,las_vegas_grand_prix,Las Vegas,Qualifying,2024-11-23 06:00:00,2024/las_vegas_grand_prix/Qualifying/,True,True,True,True,True,True,True,20,,conventional,False,False,True,True,100.0,2024_R22,980,0.9130434782608695
2024,22,las_vegas_grand_prix,Las Vegas,Race,2024-11-24 06:00:00,2024/las_vegas_grand_prix/Race/,True,True,True,True,True,True,True,20,50.0,conventional,False,False,False,True,100.0,2024_R22,981,0.9130434782608695
2024,23,qatar_grand_prix,Lusail,Practice 1,2024-11-29 13:30:00,2024/qatar_grand_prix/Practice 1/,True,True,True,True,True,True,True,20,,sprint_qualifying,False,True,True,True,100.0,2024_R23,987,0.9565217391304348
2024,23,qatar_grand_prix,Lusail,Qualifying,2024-11-30 18:00:00,2024/qatar_grand_prix/Qualifying/,True,True,True,True,True,True,True,20,,sprint_qualifying,False,False,True,True,100.0,2024_R23,988,0.9565217391304348
2024,23,qatar_grand_prix,Lusail,Race,2024-12-01 16:00:00,2024/qatar_grand_prix/Race/,True,True,True,True,True,True,True,20,57.0,sprint_qualifying,False,False,False,True,100.0,2024_R23,989,0.9565217391304348
2024,23,qatar_grand_prix,Lusail,Sprint,2024-11-30 14:00:00,2024/qatar_grand_prix/Sprint/,True,True,True,True,True,True,True,20,19.0,sprint_qualifying,False,False,False,True,100.0,2024_R23,988,0.9565217391304348
2024,23,qatar_grand_prix,Lusail,Sprint Qualifying,2024-11-29 17:30:00,2024/qatar_grand_prix/Sprint Qualifying/,True,True,True,True,True,True,True,20,,sprint_qualifying,False,False,True,True,100.0,2024_R23,987,0.9565217391304348
2024,24,abu_dhabi_grand_prix,Yas Island,Practice 1,2024-12-06 09:30:00,2024/abu_dhabi_grand_prix/Practice 1/,True,True,True,True,True,True,True,20,,conventional,False,True,True,True,100.0,2024_R24,993,1.0
2024,24,abu_dhabi_grand_prix,Yas Island,Practice 2,2024-12-06 13:00:00,2024/abu_dhabi_grand_prix/Practice 2/,True,True,True,True,True,True,True,20,,conventional,False,True,True,True,100.0,2024_R24,994,1.0
2024,24,abu_dhabi_grand_prix,Yas Island,Practice 3,2024-12-07 10:30:00,2024/abu_dhabi_grand_prix/Practice 3/,True,True,True,True,True,True,True,20,,conventional,False,True,True,True,100.0,2024_R24,994,1.0
2024,24,abu_dhabi_grand_prix,Yas Island,Qualifying,2024-12-07 14:00:00,2024/abu_dhabi_grand_prix/Qualifying/,True,True,True,True,True,True,True,20,,conventional,False,False,True,True,100.0,2024_R24,995,1.0
2024,24,abu_dhabi_grand_prix,Yas Island,Race,2024-12-08 13:00:00,2024/abu_dhabi_grand_prix/Race/,True,True,True,True,True,True,True,20,58.0,conventional,False,False,False,True,100.0,2024_R24,996,1.0
